"Path","Category","WordCount","Tags"
"01-基础语法\10-概览\语法-基础概览.md","01-基础语法","45","#01-基础语法"
"01-基础语法\20-变量与常量\变量-字段说明.md","01-基础语法","407","#01-基础语法"
"01-基础语法\20-变量与常量\变量-常量与方法关系.md","01-基础语法","167","#01-基础语法"
"01-基础语法\20-变量与常量\变量-常量概念补充.md","01-基础语法","17","#01-基础语法"
"01-基础语法\30-语法元素\语法-包结构.md","01-基础语法","18","#01-基础语法"
"01-基础语法\30-语法元素\语法-占位符与printf.md","01-基础语法","543","#01-基础语法"
"02-控制流与异常\10-循环与分支\分支-switch模式.md","02-控制流与异常","51","#02-控制流与异常"
"02-控制流与异常\10-循环与分支\循环-do-while语法.md","02-控制流与异常","58","#02-控制流与异常"
"02-控制流与异常\20-异常处理\异常-finally必要性.md","02-控制流与异常","195","#02-控制流与异常"
"03-面向对象\10-对象模型\对象-构造方法细节.md","03-面向对象","78","#03-面向对象"
"03-面向对象\10-对象模型\方法-签名定义.md","03-面向对象","229","#03-面向对象"
"03-面向对象\10-对象模型\方法-重载与重写比较.md","03-面向对象","19","#03-面向对象"
"03-面向对象\20-继承与多态\多态-instanceof用法.md","03-面向对象","46","#03-面向对象"
"03-面向对象\20-继承与多态\方法-重写示例.md","03-面向对象","295","#03-面向对象"
"03-面向对象\20-继承与多态\方法-重载规则.md","03-面向对象","107","#03-面向对象"
"03-面向对象\20-继承与多态\继承-核心语法.md","03-面向对象","180","#03-面向对象"
"03-面向对象\30-抽象与接口\类型-抽象类详解.md","03-面向对象","141","#03-面向对象"
"03-面向对象\30-抽象与接口\类型-接口规范.md","03-面向对象","137","#03-面向对象"
"03-面向对象\30-抽象与接口\设计-面向抽象编程.md","03-面向对象","344","#03-面向对象"
"03-面向对象\40-语言特性\关键字-static指南.md","03-面向对象","83","#03-面向对象"
"03-面向对象\40-语言特性\类型-内部类结构.md","03-面向对象","405","#03-面向对象"
"03-面向对象\40-语言特性\类型-枚举类模式.md","03-面向对象","197","#03-面向对象"
"03-面向对象\50-案例演练\案例-多态基础.md","03-面向对象","145","#03-面向对象"
"03-面向对象\50-案例演练\案例-税后工资多态.md","03-面向对象","318","#03-面向对象"
"04-泛型与装箱\10-装箱原理\装箱-包装类型速览.md","04-泛型与装箱","42","#04-泛型与装箱"
"04-泛型与装箱\10-装箱原理\装箱-自动拆箱陷阱.md","04-泛型与装箱","338","#04-泛型与装箱"
"04-泛型与装箱\20-泛型机制\泛型-基础原理.md","04-泛型与装箱","825","#04-泛型与装箱"
"04-泛型与装箱\30-专题-自动拆装箱\专题-包装类型内存占用.md","04-泛型与装箱","547","#04-泛型与装箱"
"04-泛型与装箱\30-专题-自动拆装箱\专题-泛型向上向下转型.md","04-泛型与装箱","202","#04-泛型与装箱"
"04-泛型与装箱\30-专题-自动拆装箱\专题-装箱内存与限制.md","04-泛型与装箱","285","#04-泛型与装箱"
"05-数值处理\10-BigDecimal\BigDecimal-核心API.md","05-数值处理","647","#05-数值处理"
"05-数值处理\10-BigDecimal\BigDecimal-示例笔记.md","05-数值处理","29","#05-数值处理"
"05-数值处理\20-浮点计算\浮点-误差分析.md","05-数值处理","30","#05-数值处理"
"06-字符串与比较\10-等值判断\比较-==与equals区别.md","06-字符串与比较","261","#06-字符串与比较"
"06-字符串与比较\10-等值判断\比较-equals实现细节.md","06-字符串与比较","172","#06-字符串与比较"
"06-字符串与比较\20-字符串API\字符串-基础操作.md","06-字符串与比较","536","#06-字符串与比较"
"07-算法练习\10-排序\排序-冒泡实现.md","07-算法练习","102","#07-算法练习"
"07-算法练习\20-牛客专项\牛客-字符串转换.md","07-算法练习","57","#07-算法练习"
"07-算法练习\20-牛客专项\牛客-难题集.md","07-算法练习","472","#07-算法练习"
"07-算法练习\30-题目索引\练习-题目索引.md","07-算法练习","19","#07-算法练习"
"08-工具与计划\10-IDE\IDE-IntelliJ使用.md","08-工具与计划","119","#08-工具与计划"
"08-工具与计划\20-成长规划\计划-实习安排.md","08-工具与计划","18","#08-工具与计划"
"09-技能参考\10-json-canvas\json-canvas-SKILL.md","09-技能参考","1893","#09-技能参考"
"09-技能参考\20-obsidian\obsidian-markdown技能.md","09-技能参考","1572","#09-技能参考"
"09-技能参考\20-obsidian\obsidian-基础技能.md","09-技能参考","2436","#09-技能参考"
"AGENTS.md","root","353","#root"
"INDEX.md","root","89","#root"
"search-guide.md","root","113","#root"
"structure-plan.md","root","135","#root"
